{
  "project_info": {
    "project_number": "93202925025",
    "firebase_url": "https://login-e96c2.firebaseio.com",
    "project_id": "login-e96c2",
    "storage_bucket": "login-e96c2.appspot.com"
  },
  "client": [
    {
      "client_info": {
        "mobilesdk_app_id": "1:93202925025:android:7bddc194e76ae29e6afea0",
        "android_client_info": {
          "package_name": "com.example.login"
        }
      },
      "oauth_client": [
        {
          "client_id": "93202925025-3vdg0q38emjma9tvt33ntjnqj4ejvc5i.apps.googleusercontent.com",
          "client_type": 1,
          "android_info": {
            "package_name": "com.example.login",
            "certificate_hash": "ad96a7fe5a614afb63dd58bac2133c1ad20ebaa3"
          }
        },
        {
          "client_id": "93202925025-mgc1unttl2885616alhl4ub86c9vfi08.apps.googleusercontent.com",
          "client_type": 3
        }
      ],
      "api_key": [
        {
          "current_key": "AIzaSyBQ9Uqgljl2T4CtoSRaet8KfmhalnArex4"
        }
      ],
      "services": {
        "appinvite_service": {
          "other_platform_oauth_client": [
            {
              "client_id": "93202925025-mgc1unttl2885616alhl4ub86c9vfi08.apps.googleusercontent.com",
              "client_type": 3
            }
          ]
        }
      }
    }
  ],
  "configuration_version": "1"
}